chainId,tokenIn,tokenOut,amount,v1Amount,v2Amount,diff,perf
1,0xc02aaa39b223fe8d0a0e5c4f27ead9083c756cc2,0x965d79f1a1016b574a62986e13ca8ab04dfdd15c,230877278793459279,611178.0981727624,611178.0981727624,0,0
1,0xc02aaa39b223fe8d0a0e5c4f27ead9083c756cc2,0xc0c293ce456ff0ed870add98a0828dd4d2903dbf,1700398753490968576,3361.662354430844,3361.662354430844,0,0
1,0x183015a9ba6ff60230fdeadc3f43b3d788b13e21,0x4c5cb5d87709387f8821709f7a6664f00dcf0c93,58528691157617174523514,673862.6215884916,673862.6215884916,0,0
1,0x183015a9ba6ff60230fdeadc3f43b3d788b13e21,0x4c5cb5d87709387f8821709f7a6664f00dcf0c93,100000000000000000000000,1119826.4421241172,1035968.7244238872,-83857.71770022996,-0.07488456652368948
1,0xc02aaa39b223fe8d0a0e5c4f27ead9083c756cc2,0xc18360217d8f7ab5e7c516566761ea12ce7f9d72,1110558317502131672,238.00376185090946,238.00376185090946,0,0
1,0xc18360217d8f7ab5e7c516566761ea12ce7f9d72,0xc02aaa39b223fe8d0a0e5c4f27ead9083c756cc2,376332374026509237108,1.7072252226306768,1.742279326119375,0.035054103488698196,0.020119680560507558
1,0xdef1ca1fb7fbcdc777520aa7f396b4e015f497ab,0x6810e776880c02933d47db1b9fc05908e5386b96,17965750754917305722868,22.55127391833586,22.55127391833586,0,0
1,0x6810e776880c02933d47db1b9fc05908e5386b96,0xc02aaa39b223fe8d0a0e5c4f27ead9083c756cc2,22815860248116090595,1.9628602351913937,1.9628602351913937,0,0
1,0xaf5191b0de278c7286d6c7cc6ab6bb8a73ba2cd6,0xa0b86991c6218b36c1d19d4a2e9eb0ce3606eb48,19942636465574874923008,11635.984361,11635.984361,0,0
1,0xdef1ca1fb7fbcdc777520aa7f396b4e015f497ab,0x6810e776880c02933d47db1b9fc05908e5386b96,27528328386115317967243,34.5274763092594,34.42558947189764,-0.10188683736176074,-0.0029508915290874377
1,0xae78736cd615f374d3085123a210448e74fc6393,0xd33526068d116ce69f19a9ee46f0bd304f21a51f,1815136321266718090,136.02397300897192,136.02397300959146,6.195364221639466e-10,4.554612017693831e-12
1,0x183015a9ba6ff60230fdeadc3f43b3d788b13e21,0x4c5cb5d87709387f8821709f7a6664f00dcf0c93,138222416673210919992457,1510139.5716711648,1240060.5089390771,-270079.0627320877,-0.17884377563406953
1,0xc02aaa39b223fe8d0a0e5c4f27ead9083c756cc2,0x7f39c581f595b53c5cb19bd0b3f8da6c935e2ca0,193543500000000000000,168.8080365635564,168.8080365635564,0,0
1,0x183015a9ba6ff60230fdeadc3f43b3d788b13e21,0x6b175474e89094c44da98b954eedeac495271d0f,10106410666823967561753,0,180.9857070793361,180.9857070793361,1
1,0x4c5cb5d87709387f8821709f7a6664f00dcf0c93,0x183015a9ba6ff60230fdeadc3f43b3d788b13e21,121082915388334517965708,9960.436892162306,14403.424535087257,4442.987642924951,0.3084674503692975
1,0xc02aaa39b223fe8d0a0e5c4f27ead9083c756cc2,0x888888435fde8e7d4c54cab67f206e4199454c60,486906401355554432,7942.469885782301,7942.469885782301,0,0
1,0xdef1ca1fb7fbcdc777520aa7f396b4e015f497ab,0xc02aaa39b223fe8d0a0e5c4f27ead9083c756cc2,4447652766471154195322,0.48112831497953884,0.48112831497953884,0,0
1,0x823e1b82ce1dc147bbdb25a203f046afab1ce918,0xa0b86991c6218b36c1d19d4a2e9eb0ce3606eb48,129550040230827352874,168.174822,168.174822,0,0
1,0x0f2d719407fdbeff09d87557abb7232601fd9f29,0xc02aaa39b223fe8d0a0e5c4f27ead9083c756cc2,7574963051739726316751,1.6399225623365186,1.6399225623365186,0,0
1,0x3472a5a71965499acd81997a54bba8d852c6e53d,0xae78736cd615f374d3085123a210448e74fc6393,1900000000000000000000,3.4131840268496334,3.4131452512001097,-0.00003877564952370349,-0.000011360550506118884
1,0xae78736cd615f374d3085123a210448e74fc6393,0xc02aaa39b223fe8d0a0e5c4f27ead9083c756cc2,3528505824323223732,3.846318045237545,3.846318045237545,0,0
1,0x3472a5a71965499acd81997a54bba8d852c6e53d,0x2260fac5e5542a773aa44fbcfedf7c193bc2c599,602881623038221014766,0.06450715,0.06450701,-1.3999999999569912e-7,-0.0000021703020517213846
1,0x183015a9ba6ff60230fdeadc3f43b3d788b13e21,0x6b175474e89094c44da98b954eedeac495271d0f,9642672784626153357537,0,134.7260543912916,134.7260543912916,1
1,0xba100000625a3754423978a60c9317c58a424e3d,0xc02aaa39b223fe8d0a0e5c4f27ead9083c756cc2,5162034337141363834880,9.810443910517074,9.810443910517074,0,0
1,0xc0c293ce456ff0ed870add98a0828dd4d2903dbf,0xc02aaa39b223fe8d0a0e5c4f27ead9083c756cc2,3731341496223063162880,1.871043760795306,1.875834601779579,0.004790840984272959,0.002553978362339597
1,0x514910771af9ca656af840dff83e8264ecf986ca,0xc02aaa39b223fe8d0a0e5c4f27ead9083c756cc2,80375438140097633206,0.5747303493766871,0.5747303493766871,0,0
1,0xba100000625a3754423978a60c9317c58a424e3d,0xc02aaa39b223fe8d0a0e5c4f27ead9083c756cc2,4500658776813823066112,8.55391975642493,8.547355372399275,-0.006564384025654846,-0.0007674123925144697
1,0xc02aaa39b223fe8d0a0e5c4f27ead9083c756cc2,0x7d1afa7b718fb893db30a3abc0cfc608aacfebb0,1623347558411435,3.8508566456894475,5.920120050448729,2.069263404759281,0.34953064923108046
1,0xba100000625a3754423978a60c9317c58a424e3d,0xc02aaa39b223fe8d0a0e5c4f27ead9083c756cc2,4354100948890072121344,8.27546300127696,8.263580038333817,-0.011882962943142061,-0.0014359272636840308
1,0xc02aaa39b223fe8d0a0e5c4f27ead9083c756cc2,0xa0b86991c6218b36c1d19d4a2e9eb0ce3606eb48,714323725953135374,1452.835129,1457.737896,4.90276700000004,0.00336327059442793
1,0x6810e776880c02933d47db1b9fc05908e5386b96,0xc02aaa39b223fe8d0a0e5c4f27ead9083c756cc2,8258280685432926595,0.7111350644166601,0.7090324711702357,-0.002102593246424367,-0.0029566721592460244
1,0xc02aaa39b223fe8d0a0e5c4f27ead9083c756cc2,0xae78736cd615f374d3085123a210448e74fc6393,4056650614672305211,3.7192631389117894,3.719079604429866,-0.0001835344819234308,-0.000049347001023737925
1,0x0f2d719407fdbeff09d87557abb7232601fd9f29,0xc02aaa39b223fe8d0a0e5c4f27ead9083c756cc2,6724017192729009625962,1.456108014128536,1.448835544689369,-0.00727246943916704,-0.004994457395057694
1,0xba100000625a3754423978a60c9317c58a424e3d,0xc02aaa39b223fe8d0a0e5c4f27ead9083c756cc2,3287779161517932412928,6.249291918634461,6.236279686763146,-0.013012231871315727,-0.0020821929973402556
1,0x3472a5a71965499acd81997a54bba8d852c6e53d,0xae78736cd615f374d3085123a210448e74fc6393,2000000000000000000000,3.592406583408024,3.576526148433289,-0.015880434974735014,-0.0044205561386288445
1,0xae78736cd615f374d3085123a210448e74fc6393,0xc02aaa39b223fe8d0a0e5c4f27ead9083c756cc2,3697127760924657343,4.0301269772377495,4.030094823165812,-0.00003215407193746245,-0.000007978426515856545
1,0xfd0205066521550d7d7ab19da8f72bb004b4c341,0xc02aaa39b223fe8d0a0e5c4f27ead9083c756cc2,16200831741011928150904,0.18148987894593896,0.18148987894593896,0,0
1,0x7f39c581f595b53c5cb19bd0b3f8da6c935e2ca0,0xa0b86991c6218b36c1d19d4a2e9eb0ce3606eb48,1497165651823710367,3466.394882,3455.771423,-10.623458999999912,-0.0030646995976034075
1,0xaf5191b0de278c7286d6c7cc6ab6bb8a73ba2cd6,0xa0b86991c6218b36c1d19d4a2e9eb0ce3606eb48,19999394800963533996032,11669.038064,11624.46114,-44.57692400000087,-0.003820102715880632
1,0x808507121b80c02388fad14726482e061b8da827,0xc02aaa39b223fe8d0a0e5c4f27ead9083c756cc2,1000000000000000000000,0.5219383796922397,0.5219383796922397,0,0
1,0xba100000625a3754423978a60c9317c58a424e3d,0xc02aaa39b223fe8d0a0e5c4f27ead9083c756cc2,4022278261620204371968,7.644984572045786,7.625338419141467,-0.01964615290431926,-0.0025698093592178405
1,0xc02aaa39b223fe8d0a0e5c4f27ead9083c756cc2,0x6810e776880c02933d47db1b9fc05908e5386b96,7980935549485009664,91.52879095981397,91.89689142481124,0.3681004649972692,0.004005581247527224
1,0x6810e776880c02933d47db1b9fc05908e5386b96,0xdef1ca1fb7fbcdc777520aa7f396b4e015f497ab,91859932716589410875,71915.35313446022,72453.34003113669,537.9868966764625,0.0074252877292511794
1,0xc02aaa39b223fe8d0a0e5c4f27ead9083c756cc2,0xdef1ca1fb7fbcdc777520aa7f396b4e015f497ab,1995233887371252416,18075.63896592746,17970.10751162313,-105.53145430433142,-0.005838324968940682
1,0xba100000625a3754423978a60c9317c58a424e3d,0xc02aaa39b223fe8d0a0e5c4f27ead9083c756cc2,2778689444890204438528,5.281832112791225,5.26510952588925,-0.0167225869019747,-0.0031660580163986925
1,0x6810e776880c02933d47db1b9fc05908e5386b96,0xc02aaa39b223fe8d0a0e5c4f27ead9083c756cc2,22033086476722257379,1.8956139845462243,1.9107597633716473,0.015145778825423006,0.007926574086266812
1,0xba100000625a3754423978a60c9317c58a424e3d,0xc02aaa39b223fe8d0a0e5c4f27ead9083c756cc2,5078761901720462166291,9.652244327924032,9.617712889138184,-0.03453143878584797,-0.0035775553967224176
1,0xba100000625a3754423978a60c9317c58a424e3d,0xc02aaa39b223fe8d0a0e5c4f27ead9083c756cc2,4806173365911581410590,9.134371502234366,9.094825515374236,-0.03954598686013,-0.004329360465627726
1,0x0f2d719407fdbeff09d87557abb7232601fd9f29,0xc02aaa39b223fe8d0a0e5c4f27ead9083c756cc2,6597536466571134700242,1.4287778407547338,1.4153519712259308,-0.01342586952880298,-0.00939675094744676
1,0x6810e776880c02933d47db1b9fc05908e5386b96,0xc02aaa39b223fe8d0a0e5c4f27ead9083c756cc2,34823993008977629362,2.993595624701388,3.008883330118852,0.015287705417463826,0.005080856829653132
1,0xc0c293ce456ff0ed870add98a0828dd4d2903dbf,0xc02aaa39b223fe8d0a0e5c4f27ead9083c756cc2,1758007965400000000000,0.8821937386802485,0.8819532779008149,-0.00024046077943362665,-0.0002725713966110813
1,0xaf5191b0de278c7286d6c7cc6ab6bb8a73ba2cd6,0xa0b86991c6218b36c1d19d4a2e9eb0ce3606eb48,3400000000000000000000,1986.945598,1971.77498,-15.170618000000104,-0.007635145126907548
1,0x90b831fa3bebf58e9744a14d638e25b4ee06f9bc,0x68037790a0229e9ce6eaa8a99ea92964106c4703,15000000000000000000000,161.5395117561377,161.44722908442336,-0.09228267171434368,-0.0005712699680165858
1,0xa71d0588eaf47f12b13cf8ec750430d21df04974,0xb53ecf1345cabee6ea1a65100ebb153cebcac40f,37562403372286898217547796869,40452766.71856254,40452766.71856254,0,0
1,0xc02aaa39b223fe8d0a0e5c4f27ead9083c756cc2,0x6810e776880c02933d47db1b9fc05908e5386b96,716025788935372656,8.256395945642444,8.251674488390384,-0.0047214572520601905,-0.0005718545092973744
1,0x6f80310ca7f2c654691d1383149fa1a57d8ab1f8,0xc02aaa39b223fe8d0a0e5c4f27ead9083c756cc2,87868156603185370840924,3.1280366360069713,3.128036636008901,1.929567616798522e-12,6.168622178480877e-13
1,0xaf5191b0de278c7286d6c7cc6ab6bb8a73ba2cd6,0xa0b86991c6218b36c1d19d4a2e9eb0ce3606eb48,19951950571371315617792,11641.408535,11545.081834,-96.32670099999996,-0.008274488495991945
1,0xdef1ca1fb7fbcdc777520aa7f396b4e015f497ab,0xc02aaa39b223fe8d0a0e5c4f27ead9083c756cc2,12810928785097994902194,1.380827423043193,1.3979877867025217,0.017160363659328715,0.012275045477904646
1,0xdef1ca1fb7fbcdc777520aa7f396b4e015f497ab,0x6810e776880c02933d47db1b9fc05908e5386b96,18435238983433699981206,23.139701255119398,23.219612038885902,0.07991078376650407,0.0034415210569701776
1,0x6810e776880c02933d47db1b9fc05908e5386b96,0xc02aaa39b223fe8d0a0e5c4f27ead9083c756cc2,23608956009723876717,2.030986262381422,2.032203172360651,0.001216909979229186,0.0005988131481044767
1,0xa0b86991c6218b36c1d19d4a2e9eb0ce3606eb48,0x35e78b3982e87ecfd5b3f3265b601c046cdbe232,92112279,1192.8051108445177,1192.8051087285821,-0.000002115935558322235,-1.773915570184078e-9
1,0xc02aaa39b223fe8d0a0e5c4f27ead9083c756cc2,0x7f39c581f595b53c5cb19bd0b3f8da6c935e2ca0,100000000000000000000,87.2209082361109,87.21659218408355,-0.00431605202734886,-0.00004948414450885004
1,0xc02aaa39b223fe8d0a0e5c4f27ead9083c756cc2,0x0bc529c00c6401aef6d220be8c6ea1667f6ad93e,314119263159618240,0.046595548576791546,0.04611867126950177,-0.0004768773072897775,-0.010234396242891365
1,0xc02aaa39b223fe8d0a0e5c4f27ead9083c756cc2,0x6810e776880c02933d47db1b9fc05908e5386b96,1216695310846031104,14.024281051129057,14.058874726233197,0.034593675104140686,0.0024606290174554665
1,0xc02aaa39b223fe8d0a0e5c4f27ead9083c756cc2,0x79c58f70905f734641735bc61e45c19dd9ad60bc,136576794000000000,278.1305008033449,277.6475623721674,-0.48293843117750157,-0.0017363735001468547
1,0x79c58f70905f734641735bc61e45c19dd9ad60bc,0x6b175474e89094c44da98b954eedeac495271d0f,279073985276654990321,280.52585241005875,283.43444896390173,2.908596553842983,0.010261972616509374
1,0xdef1ca1fb7fbcdc777520aa7f396b4e015f497ab,0xc02aaa39b223fe8d0a0e5c4f27ead9083c756cc2,17370389993774866083681,1.8760200950285375,1.8829295054549866,0.006909410426449103,0.0036695003219355945
1,0xdef1ca1fb7fbcdc777520aa7f396b4e015f497ab,0x6810e776880c02933d47db1b9fc05908e5386b96,40530909985474687528590,50.78184750688112,50.73006323759373,-0.05178426928738844,-0.001019739765875424
1,0x6810e776880c02933d47db1b9fc05908e5386b96,0xc02aaa39b223fe8d0a0e5c4f27ead9083c756cc2,51652157520178550413,4.435368256587747,4.4262973735215025,-0.009070883066244484,-0.0020451251263684175
1,0xc02aaa39b223fe8d0a0e5c4f27ead9083c756cc2,0xba100000625a3754423978a60c9317c58a424e3d,2096574619891544575,1081.7060457169785,1086.1901248459512,4.48407912897278,0.004128263575963494
1,0xba100000625a3754423978a60c9317c58a424e3d,0xc02aaa39b223fe8d0a0e5c4f27ead9083c756cc2,1128075692651056196964,2.144549248185725,2.1340897501100833,-0.010459498075641616,-0.004877247787380161
1,0xba100000625a3754423978a60c9317c58a424e3d,0xc02aaa39b223fe8d0a0e5c4f27ead9083c756cc2,306321050795022217202,0.5823728409165634,0.5794352936546695,-0.0029375472618938803,-0.005044100712647661
1,0xc02aaa39b223fe8d0a0e5c4f27ead9083c756cc2,0xf203ca1769ca8e9e8fe1da9d147db68b6c919817,337551304541312442,9233.302058125622,9233.302058125622,0,0
1,0xc02aaa39b223fe8d0a0e5c4f27ead9083c756cc2,0x67d85a291fcdc862a78812a3c26d55e28ffb2701,996124989716243611,1576.739055706593,1576.6435238347149,-0.09553187187816548,-0.00006058825747507994
1,0xc02aaa39b223fe8d0a0e5c4f27ead9083c756cc2,0xf203ca1769ca8e9e8fe1da9d147db68b6c919817,430208958287062017,11757.013519568232,11678.313600361256,-78.69991920697612,-0.0066938699250442225
1,0xc02aaa39b223fe8d0a0e5c4f27ead9083c756cc2,0x6810e776880c02933d47db1b9fc05908e5386b96,1214826310067895808,14.00275757111344,14.125693103343835,0.12293553223039488,0.008702973463390166
1,0xba100000625a3754423978a60c9317c58a424e3d,0xc02aaa39b223fe8d0a0e5c4f27ead9083c756cc2,5079001181071667421786,9.652698909641785,9.603576093794599,-0.04912281584718592,-0.0050890239410781414
1,0xba100000625a3754423978a60c9317c58a424e3d,0xc02aaa39b223fe8d0a0e5c4f27ead9083c756cc2,4338810360396097406700,8.246410859488812,8.198255606679007,-0.048155252809804594,-0.0058395408172507305
1,0xc02aaa39b223fe8d0a0e5c4f27ead9083c756cc2,0x67d85a291fcdc862a78812a3c26d55e28ffb2701,500000000000000000,799.4946969670856,767.7274497699011,-31.767247197184474,-0.03973415623354948
1,0xba100000625a3754423978a60c9317c58a424e3d,0xc02aaa39b223fe8d0a0e5c4f27ead9083c756cc2,5094206933542293781243,9.681586689221039,9.61884980394162,-0.06273688527941879,-0.006480021022717969
1,0xc02aaa39b223fe8d0a0e5c4f27ead9083c756cc2,0x6810e776880c02933d47db1b9fc05908e5386b96,1217565413823069440,14.034301167654402,14.13150816057176,0.0972069929173589,0.006878741590269578
1,0xc0c293ce456ff0ed870add98a0828dd4d2903dbf,0xc02aaa39b223fe8d0a0e5c4f27ead9083c756cc2,2326085500000000000000,1.167012361408822,1.1651410774773319,-0.0018712839314900531,-0.0016034825280094136
1,0xba100000625a3754423978a60c9317c58a424e3d,0xc02aaa39b223fe8d0a0e5c4f27ead9083c756cc2,3996920000000000000000,7.596801426750298,7.54186460293425,-0.05493682381604792,-0.007231572964721861
1,0xba100000625a3754423978a60c9317c58a424e3d,0xc02aaa39b223fe8d0a0e5c4f27ead9083c756cc2,5105302548129263074217,9.702666017158819,9.626785823123194,-0.07588019403562463,-0.007820550960059144
1,0x470ebf5f030ed85fc1ed4c2d36b9dd02e77cf1b7,0x6b175474e89094c44da98b954eedeac495271d0f,982698793631505217536,1064.2176248525398,1064.2176248743426,2.1802861738251522e-8,2.0487221061412034e-11
1,0x3472a5a71965499acd81997a54bba8d852c6e53d,0xae78736cd615f374d3085123a210448e74fc6393,2256040506749839601691,4.05109924206099,4.014523430077611,-0.03657581198337834,-0.009028614160726029
1,0xba100000625a3754423978a60c9317c58a424e3d,0xc02aaa39b223fe8d0a0e5c4f27ead9083c756cc2,4156196897551099640660,7.899439901738401,7.831721787971714,-0.06771811376668779,-0.008572520914018892
1,0x3472a5a71965499acd81997a54bba8d852c6e53d,0xae78736cd615f374d3085123a210448e74fc6393,2000000000000000000000,3.592406583408024,3.541420063863492,-0.05098651954453226,-0.014192858842877038
1,0xae78736cd615f374d3085123a210448e74fc6393,0xc02aaa39b223fe8d0a0e5c4f27ead9083c756cc2,3660234897315558211,3.9899113505798183,3.989839067000656,-0.0000722835791622245,-0.000018116587766221965
1,0xba100000625a3754423978a60c9317c58a424e3d,0xc02aaa39b223fe8d0a0e5c4f27ead9083c756cc2,2328710434692853926709,4.426643765849337,4.385987922527137,-0.040655843322199736,-0.009184349469422265
1,0xba100000625a3754423978a60c9317c58a424e3d,0xc02aaa39b223fe8d0a0e5c4f27ead9083c756cc2,5114382664795152409261,9.719916298234724,9.627320174006334,-0.0925961242283897,-0.009526432264155041
1,0xba100000625a3754423978a60c9317c58a424e3d,0xc02aaa39b223fe8d0a0e5c4f27ead9083c756cc2,4884269078766154245262,9.282742493384784,9.18733356464071,-0.09540892874407447,-0.010278097104607427
1,0xd33526068d116ce69f19a9ee46f0bd304f21a51f,0xae78736cd615f374d3085123a210448e74fc6393,163482760580333918934,2.161821950471713,2.169725245290411,0.007903294818698114,0.0036425325445481843
1,0xcafe001067cdef266afb7eb5a286dcfd277f3de5,0xc02aaa39b223fe8d0a0e5c4f27ead9083c756cc2,47251818848619339972608,0.7806302761532019,0.7806302761532019,0,0
1,0xba100000625a3754423978a60c9317c58a424e3d,0xc02aaa39b223fe8d0a0e5c4f27ead9083c756cc2,3994790000000000000000,7.592754212852893,7.509268718343024,-0.08348549450986908,-0.010995416441710463
1,0xaf5191b0de278c7286d6c7cc6ab6bb8a73ba2cd6,0xa0b86991c6218b36c1d19d4a2e9eb0ce3606eb48,19937927410160569294848,11633.241986,11493.072876,-140.16911000000073,-0.01204901524172599
1,0xc02aaa39b223fe8d0a0e5c4f27ead9083c756cc2,0xf203ca1769ca8e9e8fe1da9d147db68b6c919817,756000000000000000,20593.877022812412,20283.51140806077,-310.36561475164126,-0.015070771492314955
1,0xcfeaead4947f0705a14ec42ac3d44129e1ef3ed5,0xc02aaa39b223fe8d0a0e5c4f27ead9083c756cc2,6512676645579,4.150346139412025,4.150346139411958,-6.661338147750939e-14,-1.6050078533195895e-14
1,0xc02aaa39b223fe8d0a0e5c4f27ead9083c756cc2,0x67d85a291fcdc862a78812a3c26d55e28ffb2701,386012660103696367,618.693720649799,582.3737816231011,-36.319939026697966,-0.05870423088915791
1,0xc02aaa39b223fe8d0a0e5c4f27ead9083c756cc2,0xcfeaead4947f0705a14ec42ac3d44129e1ef3ed5,493423858005698366,7567.88965282,7743.73659719,175.84694436999962,0.022708280706992268
1,0x73c69d24ad28e2d43d03cbf35f79fe26ebde1011,0xc02aaa39b223fe8d0a0e5c4f27ead9083c756cc2,104517135583729581726,0.15334910206854535,0.1533491020688968,3.514410984450933e-13,2.291771478956542e-12
1,0xcdf7028ceab81fa0c6971208e83fa7872994bee5,0xc02aaa39b223fe8d0a0e5c4f27ead9083c756cc2,52038128361453262188474,0.6321770149382518,0.6321770149382518,0,0
1,0xc02aaa39b223fe8d0a0e5c4f27ead9083c756cc2,0x4730fb1463a6f1f44aeb45f6c5c422427f37f4d0,97954965822576251,67766.13313068052,67766.13313068052,0,0
1,0xfd0205066521550d7d7ab19da8f72bb004b4c341,0xc02aaa39b223fe8d0a0e5c4f27ead9083c756cc2,279583815697468848595378,3.116300496988604,3.114364848793272,-0.0019356481953320959,-0.0006211365679280878
1,0xba100000625a3754423978a60c9317c58a424e3d,0xc02aaa39b223fe8d0a0e5c4f27ead9083c756cc2,3919066575650005468356,7.448871271026904,7.3626018583718125,-0.08626941265509114,-0.011581541621029787
1,0xc02aaa39b223fe8d0a0e5c4f27ead9083c756cc2,0x79c58f70905f734641735bc61e45c19dd9ad60bc,104423221439819839,212.708500420547,211.04015524919973,-1.6683451713472834,-0.007843340383899985
1,0x79c58f70905f734641735bc61e45c19dd9ad60bc,0x6b175474e89094c44da98b954eedeac495271d0f,213149453238368000789,214.25835588451403,215.89880844063129,1.6404525561172534,0.0075982473824923935
1,0xc02aaa39b223fe8d0a0e5c4f27ead9083c756cc2,0x6b175474e89094c44da98b954eedeac495271d0f,26513116560180161,54.32869805484282,53.964346240603774,-0.3643518142390434,-0.006706433750193013
1,0xc02aaa39b223fe8d0a0e5c4f27ead9083c756cc2,0x7f39c581f595b53c5cb19bd0b3f8da6c935e2ca0,34900000000000000000,30.44058696516164,30.438156871494975,-0.002430093666664135,-0.00007983070988234576
1,0xc02aaa39b223fe8d0a0e5c4f27ead9083c756cc2,0x79c58f70905f734641735bc61e45c19dd9ad60bc,73715420197311459,150.19551557772078,148.7710061559769,-1.4245094217438918,-0.00948436720140795
1,0x79c58f70905f734641735bc61e45c19dd9ad60bc,0x6b175474e89094c44da98b954eedeac495271d0f,150351952052889131227,151.13415575198115,151.9933012605415,0.8591455085603457,0.005652522192985525
1,0xc02aaa39b223fe8d0a0e5c4f27ead9083c756cc2,0x6b175474e89094c44da98b954eedeac495271d0f,38539319802688541,78.9639982517684,78.12494685962768,-0.8390513921407177,-0.010625746045248248
1,0xba100000625a3754423978a60c9317c58a424e3d,0xc02aaa39b223fe8d0a0e5c4f27ead9083c756cc2,4698324979014110457736,8.929471741642883,8.820925100152673,-0.10854664149021076,-0.01215599809605757
1,0xba100000625a3754423978a60c9317c58a424e3d,0xc02aaa39b223fe8d0a0e5c4f27ead9083c756cc2,5122783257956125930332,9.735875609174846,9.610825791658113,-0.12504981751673228,-0.012844229172247071
1,0xba100000625a3754423978a60c9317c58a424e3d,0xc02aaa39b223fe8d0a0e5c4f27ead9083c756cc2,5130454764496411008316,9.750449795768967,9.61790157512222,-0.13254822064674698,-0.01359406216360028
1,0xc0c293ce456ff0ed870add98a0828dd4d2903dbf,0xc02aaa39b223fe8d0a0e5c4f27ead9083c756cc2,2553292126855312938427,1.2808933111545995,1.2765891599478438,-0.0043041512067556464,-0.003360272997971921
1,0xc02aaa39b223fe8d0a0e5c4f27ead9083c756cc2,0x2260fac5e5542a773aa44fbcfedf7c193bc2c599,1276424719401270686,0.0698336,0.06981315,-0.00002044999999999131,-0.0002928389772257382
1,0x0f2d719407fdbeff09d87557abb7232601fd9f29,0xc02aaa39b223fe8d0a0e5c4f27ead9083c756cc2,15000000000000000000000,3.2394508874990495,3.1951706899691783,-0.044280197529871224,-0.013669044250909087
1,0xc02aaa39b223fe8d0a0e5c4f27ead9083c756cc2,0x0bc529c00c6401aef6d220be8c6ea1667f6ad93e,344923683256623040,0.05106314664112654,0.049373193138074735,-0.0016899535030518026,-0.033095365527096306
1,0xc02aaa39b223fe8d0a0e5c4f27ead9083c756cc2,0x4b13006980acb09645131b91d259eaa111eaf5ba,241646991495831496,313071.19920735824,313071.19920735824,0,0
1,0x3472a5a71965499acd81997a54bba8d852c6e53d,0x2260fac5e5542a773aa44fbcfedf7c193bc2c599,167259980072787947118,0.01803794,0.01764824,-0.00038969999999999977,-0.021604462593843854
1,0xc02aaa39b223fe8d0a0e5c4f27ead9083c756cc2,0x6810e776880c02933d47db1b9fc05908e5386b96,500000000000000000,5.766366486549539,5.795645518083134,0.029279031533595123,0.00505190171521721
1,0xba100000625a3754423978a60c9317c58a424e3d,0xc02aaa39b223fe8d0a0e5c4f27ead9083c756cc2,5135025996429549326860,9.759134129971114,9.619145863038817,-0.13998826693229738,-0.014344332711073387
1,0x3472a5a71965499acd81997a54bba8d852c6e53d,0xae78736cd615f374d3085123a210448e74fc6393,2000000000000000000000,3.592406583408024,3.5251013380224623,-0.06730524538556182,-0.018735419786952694
1,0xae78736cd615f374d3085123a210448e74fc6393,0xc02aaa39b223fe8d0a0e5c4f27ead9083c756cc2,3643088713932097577,3.971220891661182,3.9711160846636293,-0.00010480699755266443,-0.00002639163129221531
1,0x808507121b80c02388fad14726482e061b8da827,0xc02aaa39b223fe8d0a0e5c4f27ead9083c756cc2,2640360042189909861344,1.374958670989059,1.3711126867034118,-0.003845984285647308,-0.0027971635561094706
1,0x3472a5a71965499acd81997a54bba8d852c6e53d,0x2260fac5e5542a773aa44fbcfedf7c193bc2c599,464840162632616092495,0.04986101,0.04849131,-0.0013696999999999945,-0.0274703621126005
1,0xba100000625a3754423978a60c9317c58a424e3d,0xc02aaa39b223fe8d0a0e5c4f27ead9083c756cc2,2098369286595222888933,3.9888566527017844,3.928643801470394,-0.060212851231390196,-0.015095265755064435
1,0xaf5191b0de278c7286d6c7cc6ab6bb8a73ba2cd6,0xa0b86991c6218b36c1d19d4a2e9eb0ce3606eb48,17141487000000000000000,10004.265726,9846.183764,-158.0819620000002,-0.01580145573194466
1,0xc02aaa39b223fe8d0a0e5c4f27ead9083c756cc2,0xcafe001067cdef266afb7eb5a286dcfd277f3de5,662212087112756122,39957.45350432507,40007.63694566677,50.18344134169456,0.0012543465491312888
1,0x514910771af9ca656af840dff83e8264ecf986ca,0xc02aaa39b223fe8d0a0e5c4f27ead9083c756cc2,37500000000000000000,0.2693515371567705,0.26485503474976607,-0.0044965024070044435,-0.01669380637091871
1,0xc02aaa39b223fe8d0a0e5c4f27ead9083c756cc2,0xf951e335afb289353dc249e82926178eac7ded78,15293045549309285922,15.005431716999,15.005431716999,0,0
1,0xc02aaa39b223fe8d0a0e5c4f27ead9083c756cc2,0xf951e335afb289353dc249e82926178eac7ded78,4800000000000000000,4.719437895786943,4.693346707439095,-0.026091188347848515,-0.005528452524216962
1,0xf951e335afb289353dc249e82926178eac7ded78,0xc02aaa39b223fe8d0a0e5c4f27ead9083c756cc2,15034822880042892152,15.209155522034349,15.346474756102987,0.137319234068638,0.008947933401710309
1,0xa0b86991c6218b36c1d19d4a2e9eb0ce3606eb48,0x35e78b3982e87ecfd5b3f3265b601c046cdbe232,82209764,1064.6365467462876,1063.449426172234,-1.1871205740535515,-0.0011150477387626755
1,0x0f2d719407fdbeff09d87557abb7232601fd9f29,0xc02aaa39b223fe8d0a0e5c4f27ead9083c756cc2,7453407881108221852095,1.6136715018132242,1.5760126796947405,-0.037658822118483704,-0.02333735340567634
1,0xba100000625a3754423978a60c9317c58a424e3d,0xc02aaa39b223fe8d0a0e5c4f27ead9083c756cc2,2944710000000000000000,5.597340948007971,5.511133663784937,-0.08620728422303348,-0.015401470988418823
1,0xc02aaa39b223fe8d0a0e5c4f27ead9083c756cc2,0x0bc529c00c6401aef6d220be8c6ea1667f6ad93e,274729923661152752,0.04086749670272686,0.038408637226281246,-0.002458859476445613,-0.06016662812336012
1,0x90b831fa3bebf58e9744a14d638e25b4ee06f9bc,0x68037790a0229e9ce6eaa8a99ea92964106c4703,15000000000000000000000,161.5395117561377,160.06023563323012,-1.479276122907578,-0.00915736408279303
1,0x90b831fa3bebf58e9744a14d638e25b4ee06f9bc,0x68037790a0229e9ce6eaa8a99ea92964106c4703,15000000000000000000000,161.5395117561377,158.9850910737664,-2.554420682371301,-0.015812977609016735
1,0xc02aaa39b223fe8d0a0e5c4f27ead9083c756cc2,0x514910771af9ca656af840dff83e8264ecf986ca,193899996544761856,26.799614429035223,27.334689345563234,0.5350749165280106,0.019574940463512533
1,0xc02aaa39b223fe8d0a0e5c4f27ead9083c756cc2,0x67d85a291fcdc862a78812a3c26d55e28ffb2701,992365445472493436,1570.9075948719499,1457.6886089831885,-113.21898588876138,-0.07207233974700482
1,0xc02aaa39b223fe8d0a0e5c4f27ead9083c756cc2,0x0f2d719407fdbeff09d87557abb7232601fd9f29,3048853898532136883,13899.204474950311,14300.3302688839,401.1257939335883,0.028050106982941383
1,0xa0b86991c6218b36c1d19d4a2e9eb0ce3606eb48,0x35e78b3982e87ecfd5b3f3265b601c046cdbe232,91248112,1181.6207813822177,1179.1292385771408,-2.4915428050769606,-0.0021085807260113037
1,0x470ebf5f030ed85fc1ed4c2d36b9dd02e77cf1b7,0x6b175474e89094c44da98b954eedeac495271d0f,983487870893091692544,1065.0717419401315,1064.0302055232164,-1.0415364169150507,-0.0009779025918177035
1,0xc0c293ce456ff0ed870add98a0828dd4d2903dbf,0xc02aaa39b223fe8d0a0e5c4f27ead9083c756cc2,779812081574400390625,0.3914658508776805,0.38939688594814154,-0.0020689649295389523,-0.005285173470176922
1,0xc02aaa39b223fe8d0a0e5c4f27ead9083c756cc2,0x79c58f70905f734641735bc61e45c19dd9ad60bc,669759772125340273,1360.0394839682685,1347.0724380240017,-12.967045944266829,-0.009534315802679568
1,0x79c58f70905f734641735bc61e45c19dd9ad60bc,0xdac17f958d2ee523a2206206994597c13d831ec7,1361664628825733599562,1368.098386,1368.101696,0.0033100000000558794,0.000002419410786298652
1,0x0f2d719407fdbeff09d87557abb7232601fd9f29,0xc02aaa39b223fe8d0a0e5c4f27ead9083c756cc2,15000000000000000000000,3.2394508874990495,3.1782294749680866,-0.061221412530962915,-0.01889870063078117
1,0xc02aaa39b223fe8d0a0e5c4f27ead9083c756cc2,0x79c58f70905f734641735bc61e45c19dd9ad60bc,490000000000000000,995.7443477568494,981.4485270913599,-14.295820665489487,-0.01435691871884005
1,0x79c58f70905f734641735bc61e45c19dd9ad60bc,0xdac17f958d2ee523a2206206994597c13d831ec7,991204823102601186220,995.889614,995.880195,-0.009419000000093547,-0.000009457875519217481
1,0x3472a5a71965499acd81997a54bba8d852c6e53d,0xae78736cd615f374d3085123a210448e74fc6393,2000000000000000000000,3.592406583408024,3.508895193608188,-0.08351138979983608,-0.023246642010273502
1,0xae78736cd615f374d3085123a210448e74fc6393,0xc02aaa39b223fe8d0a0e5c4f27ead9083c756cc2,3626062779439482366,3.9526615111646284,3.952524640935195,-0.00013687022943331684,-0.00003462735907102474
1,0xc02aaa39b223fe8d0a0e5c4f27ead9083c756cc2,0x7f39c581f595b53c5cb19bd0b3f8da6c935e2ca0,9860805869714942632,8.600881412801932,8.60009753237113,-0.0007838804308022418,-0.00009113954642317001
1,0xf17e65822b568b3903685a7c9f496cf7656cc6c2,0xc02aaa39b223fe8d0a0e5c4f27ead9083c756cc2,3541546000000000000000,0.4870954936164723,0.4870954936164723,0,0
1,0xe60779cc1b2c1d0580611c526a8df0e3f870ec48,0x0ae38f7e10a43b5b2fb064b42a2f4514cba909ef,11347645308570164676060,0.2035785673205626,0.2035785673205808,1.8207657603852567e-14,8.943798870133744e-14
1,0x6b175474e89094c44da98b954eedeac495271d0f,0xdac17f958d2ee523a2206206994597c13d831ec7,122708731450593638351,122.674631,122.524137,-0.150494000000009,-0.0012267736105927966
1,0xc02aaa39b223fe8d0a0e5c4f27ead9083c756cc2,0x67d85a291fcdc862a78812a3c26d55e28ffb2701,556072460608403024,888.1256519701292,793.0064217557391,-95.11923021439009,-0.10710109544002822
1,0xdef1ca1fb7fbcdc777520aa7f396b4e015f497ab,0x6810e776880c02933d47db1b9fc05908e5386b96,46704211625013184572193,58.48690088747253,58.03990220936395,-0.44699867810857796,-0.007642714374088538
1,0x6810e776880c02933d47db1b9fc05908e5386b96,0xc02aaa39b223fe8d0a0e5c4f27ead9083c756cc2,58855272244990490561,5.051543205495638,5.036795650573008,-0.014747554922630357,-0.0029194157750816237
1,0xc02aaa39b223fe8d0a0e5c4f27ead9083c756cc2,0x0f2d719407fdbeff09d87557abb7232601fd9f29,1004465174895284715,4593.388694677819,4728.1871228382615,134.7984281604422,0.02850953751583433
1,0xa0b86991c6218b36c1d19d4a2e9eb0ce3606eb48,0xdac17f958d2ee523a2206206994597c13d831ec7,10533540670,10528.523494,10527.475643,-1.0478509999993548,-0.00009952497143559633
1,0xc02aaa39b223fe8d0a0e5c4f27ead9083c756cc2,0x6810e776880c02933d47db1b9fc05908e5386b96,1214138629280276480,13.994838199312769,14.108949950042456,0.1141117507296876,0.008087898187585832
1,0xa0b86991c6218b36c1d19d4a2e9eb0ce3606eb48,0xc02aaa39b223fe8d0a0e5c4f27ead9083c756cc2,5285678828,2.5663675166775706,2.603905473602053,0.03753795692448225,0.01441602135908374
1,0xa0b86991c6218b36c1d19d4a2e9eb0ce3606eb48,0xc02aaa39b223fe8d0a0e5c4f27ead9083c756cc2,5640962390,2.7376062414602864,2.7557709332989364,0.018164691838649993,0.0065915100631767755
1,0xc02aaa39b223fe8d0a0e5c4f27ead9083c756cc2,0xdef1ca1fb7fbcdc777520aa7f396b4e015f497ab,2620285380935969130,23719.057909111747,24138.977672326284,419.91976321453694,0.017395921605078857
1,0xc02aaa39b223fe8d0a0e5c4f27ead9083c756cc2,0xa0b86991c6218b36c1d19d4a2e9eb0ce3606eb48,2534619755411291284,5139.145256,5160.09625,20.95099399999981,0.004060194419823043
1,0xc02aaa39b223fe8d0a0e5c4f27ead9083c756cc2,0xa0b86991c6218b36c1d19d4a2e9eb0ce3606eb48,2570430832486650669,5211.101617,5201.814606,-9.287011000000348,-0.0017821588759090105
1,0xc02aaa39b223fe8d0a0e5c4f27ead9083c756cc2,0x6810e776880c02933d47db1b9fc05908e5386b96,1112009957510339712,12.81862783733809,12.848528675121978,0.02990083778388808,0.00232717990829438
1,0x0f2d719407fdbeff09d87557abb7232601fd9f29,0xc02aaa39b223fe8d0a0e5c4f27ead9083c756cc2,7800000000000000000000,1.6885159952398854,1.6454870592835737,-0.04302893595631163,-0.025483285960935517
1,0xc02aaa39b223fe8d0a0e5c4f27ead9083c756cc2,0x6810e776880c02933d47db1b9fc05908e5386b96,1216044061817192704,14.016781250794416,14.025969744314745,0.009188493520328578,0.0006551057565237527
1,0x3472a5a71965499acd81997a54bba8d852c6e53d,0xae78736cd615f374d3085123a210448e74fc6393,2000000000000000000000,3.592406583408024,3.492800597197661,-0.0996059862103631,-0.027726813181560714
1,0xae78736cd615f374d3085123a210448e74fc6393,0xc02aaa39b223fe8d0a0e5c4f27ead9083c756cc2,3609155971795863327,3.9342319860063317,3.9340635062400735,-0.0001684797662582227,-0.00004282405482378475
1,0x888888435fde8e7d4c54cab67f206e4199454c60,0xc02aaa39b223fe8d0a0e5c4f27ead9083c756cc2,50126237449784470055206,2.756410029493731,2.8353651173058383,0.07895508781210747,0.027846532825772555
1,0xc02aaa39b223fe8d0a0e5c4f27ead9083c756cc2,0x888888435fde8e7d4c54cab67f206e4199454c60,427164426566574912,6980.46993016274,8095.747848227753,1115.2779180650132,0.13776095043636513
1,0xc02aaa39b223fe8d0a0e5c4f27ead9083c756cc2,0xc0c293ce456ff0ed870add98a0828dd4d2903dbf,3600000000000000000,7107.007813022996,7148.933328122864,41.92551509986788,0.005864583312721494
1,0xc02aaa39b223fe8d0a0e5c4f27ead9083c756cc2,0xc0c293ce456ff0ed870add98a0828dd4d2903dbf,1400000000000000000,2768.4030554524206,2769.6757926318746,1.2727371794539977,0.00045952568991643015
1,0xc02aaa39b223fe8d0a0e5c4f27ead9083c756cc2,0x888888435fde8e7d4c54cab67f206e4199454c60,533650001724504729,8692.760010720698,9804.347664984001,1111.5876542633032,0.11337701316256996
1,0xc02aaa39b223fe8d0a0e5c4f27ead9083c756cc2,0x888888435fde8e7d4c54cab67f206e4199454c60,1440000000000000000,22836.13236971203,24866.52493593806,2030.3925662260299,0.08165164096940736
1,0x0f2d719407fdbeff09d87557abb7232601fd9f29,0xc02aaa39b223fe8d0a0e5c4f27ead9083c756cc2,8071720800000000000000,1.7471805066630293,1.6940171433785258,-0.05316336328450344,-0.030428088615778504
1,0xba100000625a3754423978a60c9317c58a424e3d,0xc02aaa39b223fe8d0a0e5c4f27ead9083c756cc2,2000000000000000000000,3.8018911149687833,3.741701577702756,-0.06018953726602749,-0.015831473192130515
1,0xc02aaa39b223fe8d0a0e5c4f27ead9083c756cc2,0x6810e776880c02933d47db1b9fc05908e5386b96,939721764268996103,10.833985781345206,10.821280710378973,-0.012705070966232412,-0.0011727051541925583
1,0x6810e776880c02933d47db1b9fc05908e5386b96,0xdef1ca1fb7fbcdc777520aa7f396b4e015f497ab,10849318960656398464,8538.443481862336,8623.021734727694,84.57825286535808,0.009808423945487013
1,0xba100000625a3754423978a60c9317c58a424e3d,0xc02aaa39b223fe8d0a0e5c4f27ead9083c756cc2,2997950000000000000000,5.698517679031335,5.606640419697587,-0.09187725933374757,-0.016123010317547242
1,0xdef1ca1fb7fbcdc777520aa7f396b4e015f497ab,0xc02aaa39b223fe8d0a0e5c4f27ead9083c756cc2,20047285457165557238528,2.164181322405235,2.1536281843928182,-0.010553138012416863,-0.004876272566980793
1,0xa0b86991c6218b36c1d19d4a2e9eb0ce3606eb48,0xaf5191b0de278c7286d6c7cc6ab6bb8a73ba2cd6,4501839635,7542.155759943504,7688.370841955717,146.21508201221332,0.019017693737444653
1,0xba100000625a3754423978a60c9317c58a424e3d,0xc02aaa39b223fe8d0a0e5c4f27ead9083c756cc2,7683019000000001000000,14.59884302747574,14.357100428178924,-0.24174259929681519,-0.016559024495423628
1,0xba100000625a3754423978a60c9317c58a424e3d,0xc02aaa39b223fe8d0a0e5c4f27ead9083c756cc2,5116379000000000000000,9.723708905352641,9.551804445970985,-0.17190445938165588,-0.01767889815037831
1,0xba100000625a3754423978a60c9317c58a424e3d,0xc02aaa39b223fe8d0a0e5c4f27ead9083c756cc2,5115300000000000000000,9.721659037779425,9.542553108901469,-0.17910592887795573,-0.01842339133494917
1,0xba100000625a3754423978a60c9317c58a424e3d,0xc02aaa39b223fe8d0a0e5c4f27ead9083c756cc2,5113090000000000000000,9.717460512809616,9.531205459631934,-0.18625505317768187,-0.019167050170377262
1,0xba100000625a3754423978a60c9317c58a424e3d,0xc02aaa39b223fe8d0a0e5c4f27ead9083c756cc2,3833300000000000400000,7.28590326982234,7.14084029973834,-0.14506297008400004,-0.01991008728936052
1,0x2260fac5e5542a773aa44fbcfedf7c193bc2c599,0xc02aaa39b223fe8d0a0e5c4f27ead9083c756cc2,9701903,1.7569091578091753,1.7636825642020646,0.0067734063928892585,0.0038404906474503375
1,0xc02aaa39b223fe8d0a0e5c4f27ead9083c756cc2,0x67d85a291fcdc862a78812a3c26d55e28ffb2701,388433109354488292,622.541683688994,544.2338421240803,-78.3078415649137,-0.12578730648345518
1,0xdac17f958d2ee523a2206206994597c13d831ec7,0xa0b86991c6218b36c1d19d4a2e9eb0ce3606eb48,13154596620,13157.605431,13159.337601,1.7321699999993143,0.00013163048570679454
1,0xc011a73ee8576fb46f5e1c5751ca3b9fe0af2a6f,0xc02aaa39b223fe8d0a0e5c4f27ead9083c756cc2,537696726178951407164,0.8271827780876185,0.8271827780876185,0,0
1,0xa0b86991c6218b36c1d19d4a2e9eb0ce3606eb48,0xc02aaa39b223fe8d0a0e5c4f27ead9083c756cc2,400000000,0.19442126928619158,0.19855783144363068,0.0041365621574391,0.020833034523815516
1,0x6810e776880c02933d47db1b9fc05908e5386b96,0xc02aaa39b223fe8d0a0e5c4f27ead9083c756cc2,14343281396385634242,1.2346378799471984,1.2329567182028756,-0.0016811617443228677,-0.0013616638300412147
1,0xc02aaa39b223fe8d0a0e5c4f27ead9083c756cc2,0xa0b86991c6218b36c1d19d4a2e9eb0ce3606eb48,289140431031854898,589.581374,581.985258,-7.596115999999938,-0.012883914477257449
1,0xc02aaa39b223fe8d0a0e5c4f27ead9083c756cc2,0x7f39c581f595b53c5cb19bd0b3f8da6c935e2ca0,28000000000000000000,24.422292295522983,24.4200968367119,-0.002195458811083739,-0.00008989568974597048
1,0xc02aaa39b223fe8d0a0e5c4f27ead9083c756cc2,0x6810e776880c02933d47db1b9fc05908e5386b96,7824577170839266304,89.74605356416974,90.03454022295503,0.28848665878528834,0.003204177619732392
1,0x6810e776880c02933d47db1b9fc05908e5386b96,0xc02aaa39b223fe8d0a0e5c4f27ead9083c756cc2,14371296727818057378,1.2370471304449586,1.247638936064235,0.010591805619276418,0.00848947985920431
1,0x6810e776880c02933d47db1b9fc05908e5386b96,0xc02aaa39b223fe8d0a0e5c4f27ead9083c756cc2,6444549728247065213,0.5550167902475328,0.558724478182601,0.003707687935068149,0.006635986214758988
1,0x6810e776880c02933d47db1b9fc05908e5386b96,0xc02aaa39b223fe8d0a0e5c4f27ead9083c756cc2,14309506629359362144,1.2317333203296479,1.2389227485237793,0.007189428194131375,0.0058029672977575365
1,0x6810e776880c02933d47db1b9fc05908e5386b96,0xc02aaa39b223fe8d0a0e5c4f27ead9083c756cc2,14314971800002969467,1.2322033144849354,1.237093285638538,0.004889971153602568,0.003952790957941835
1,0x7f39c581f595b53c5cb19bd0b3f8da6c935e2ca0,0xc02aaa39b223fe8d0a0e5c4f27ead9083c756cc2,43603292739609952949,49.98085920685857,49.9852801182611,0.004420911402533534,0.00008844426583334169
1,0xc02aaa39b223fe8d0a0e5c4f27ead9083c756cc2,0x7f39c581f595b53c5cb19bd0b3f8da6c935e2ca0,50100000000000000000,43.69820571778382,43.69462480094883,-0.003580916834991399,-0.00008194654165248886
1,0xa0b86991c6218b36c1d19d4a2e9eb0ce3606eb48,0xdac17f958d2ee523a2206206994597c13d831ec7,5653623304,5651.22251,5650.728764,-0.49374599999919155,-0.00008736976806797006
1,0x6810e776880c02933d47db1b9fc05908e5386b96,0xc02aaa39b223fe8d0a0e5c4f27ead9083c756cc2,14331894332100849038,1.2336586175577042,1.236253705170751,0.0025950876130467204,0.0020991545685101003
1,0x6810e776880c02933d47db1b9fc05908e5386b96,0xc02aaa39b223fe8d0a0e5c4f27ead9083c756cc2,14339143802454454865,1.2342820561708936,1.234579053702701,0.0002969975318074525,0.00024056582761282813
1,0xc02aaa39b223fe8d0a0e5c4f27ead9083c756cc2,0x808507121b80c02388fad14726482e061b8da827,12761044695061656,23.92855144243735,24.17379218380099,0.2452407413636415,0.010144901532163367
1,0xc02aaa39b223fe8d0a0e5c4f27ead9083c756cc2,0x808507121b80c02388fad14726482e061b8da827,111355444749315,0.2088123390687829,0.21093807554406438,0.00212573647528147,0.010077538015830667
1,0x798d1be841a82a273720ce31c822c61a67a601c3,0x2260fac5e5542a773aa44fbcfedf7c193bc2c599,487560000,0.01172188,0.01172188,0,0
1,0x6810e776880c02933d47db1b9fc05908e5386b96,0xc02aaa39b223fe8d0a0e5c4f27ead9083c756cc2,14401393048322433844,1.2396353311972057,1.2376282322628869,-0.0020070989343188295,-0.001619104331578246
1,0x808507121b80c02388fad14726482e061b8da827,0xc02aaa39b223fe8d0a0e5c4f27ead9083c756cc2,441791671125637525504,0.23076774226089514,0.22844302263859084,-0.0023247196223042943,-0.010073850008360682
1,0x7f39c581f595b53c5cb19bd0b3f8da6c935e2ca0,0xc02aaa39b223fe8d0a0e5c4f27ead9083c756cc2,206165796726509421134,236.31333663520638,236.336561670954,0.023225035747628908,0.00009827102325354379
1,0xc02aaa39b223fe8d0a0e5c4f27ead9083c756cc2,0xcafe001067cdef266afb7eb5a286dcfd277f3de5,1000000000000000000,60323.0128915515,60334.5177163822,11.504824830699363,0.0001906839611245544
1,0xc02aaa39b223fe8d0a0e5c4f27ead9083c756cc2,0x6f80310ca7f2c654691d1383149fa1a57d8ab1f8,12215016174851426065,320961.33726388187,326999.25551563833,6037.918251756462,0.018464623848257374
1,0x6f80310ca7f2c654691d1383149fa1a57d8ab1f8,0xc02aaa39b223fe8d0a0e5c4f27ead9083c756cc2,52152794000000000000000,1.8641784226578821,1.9722995210386134,0.10812109838073125,0.054819816781071194
1,0xc02aaa39b223fe8d0a0e5c4f27ead9083c756cc2,0x137ddb47ee24eaa998a535ab00378d6bfa84f893,388881786816946433,2874.4897961384668,2874.4897961384668,0,0
1,0x6f80310ca7f2c654691d1383149fa1a57d8ab1f8,0xc02aaa39b223fe8d0a0e5c4f27ead9083c756cc2,51357470000000000000000,1.8359167032764288,1.9190653425454034,0.08314863926897464,0.04332767489755624
1,0xc02aaa39b223fe8d0a0e5c4f27ead9083c756cc2,0xcfeaead4947f0705a14ec42ac3d44129e1ef3ed5,42999999994265600,660.32280112,673.82562437,13.502823250000006,0.020039046841865957
1,0x7f39c581f595b53c5cb19bd0b3f8da6c935e2ca0,0xc02aaa39b223fe8d0a0e5c4f27ead9083c756cc2,49288980908684247848,56.4981013777069,56.50014113822203,0.0020397605151245557,0.00003610186583666194
1,0x2260fac5e5542a773aa44fbcfedf7c193bc2c599,0x3472a5a71965499acd81997a54bba8d852c6e53d,5700406,519.3756093664277,542.3978911483656,23.022281781937863,0.04244537480261042
1,0xae78736cd615f374d3085123a210448e74fc6393,0x3472a5a71965499acd81997a54bba8d852c6e53d,3414329160338150812,1882.8471106539312,1945.425807606846,62.578696952914925,0.03216709509467017
1,0xc02aaa39b223fe8d0a0e5c4f27ead9083c756cc2,0xae78736cd615f374d3085123a210448e74fc6393,3500000000000000000,3.208910830054289,3.2088096814665312,-0.0001011485877575602,-0.00003152115877144799
1,0xae78736cd615f374d3085123a210448e74fc6393,0x3472a5a71965499acd81997a54bba8d852c6e53d,3208181856688774847,1769.4010146707253,1820.0536812704013,50.65266659967597,0.02783031463353339
1,0xbe9895146f7af43049ca1c1ae358b0541ea49704,0x7f39c581f595b53c5cb19bd0b3f8da6c935e2ca0,1247910632498957015,1.148454298460975,1.1476768351873012,-0.0007774632736736731,-0.0006769649212123974
1,0xa0b86991c6218b36c1d19d4a2e9eb0ce3606eb48,0xdac17f958d2ee523a2206206994597c13d831ec7,9166648400,9162.389302,9161.071703,-1.3175989999999729,-0.00014380517532826972
1,0xf17e65822b568b3903685a7c9f496cf7656cc6c2,0xc02aaa39b223fe8d0a0e5c4f27ead9083c756cc2,5345963453122904516959,0.7300178515238441,0.7096749323948154,-0.020342919129028747,-0.027866331058295085
1,0xc02aaa39b223fe8d0a0e5c4f27ead9083c756cc2,0x137ddb47ee24eaa998a535ab00378d6bfa84f893,232504927907331196,1718.7745288793024,1717.91352512414,-0.8610037551623009,-0.0005009404902711141
1,0x6810e776880c02933d47db1b9fc05908e5386b96,0xc02aaa39b223fe8d0a0e5c4f27ead9083c756cc2,21184421844343750000,1.8226994925496105,1.8163521137468588,-0.006347378802751713,-0.003482405535688681
1,0xc02aaa39b223fe8d0a0e5c4f27ead9083c756cc2,0xae78736cd615f374d3085123a210448e74fc6393,3500000000000000000,3.208910830054289,3.208782716010858,-0.000128114043430827,-0.00003992446353788508
1,0xae78736cd615f374d3085123a210448e74fc6393,0x3472a5a71965499acd81997a54bba8d852c6e53d,3208158570877274124,1769.3881984226553,1812.4233960672432,43.035197644587925,0.023744560866941745
1,0x798d1be841a82a273720ce31c822c61a67a601c3,0x2260fac5e5542a773aa44fbcfedf7c193bc2c599,328698618,0.00806916,0.0070941,-0.0009750600000000007,-0.1208378567285815
1,0xc02aaa39b223fe8d0a0e5c4f27ead9083c756cc2,0x4730fb1463a6f1f44aeb45f6c5c422427f37f4d0,81042023761444812,56372.39258973037,52927.554024591205,-3444.8385651391654,-0.061108610205888765
1,0xc02aaa39b223fe8d0a0e5c4f27ead9083c756cc2,0x0f2d719407fdbeff09d87557abb7232601fd9f29,2958966585696192142,13491.257762443574,13987.452710821699,496.19494837812454,0.035474289610590244
1,0xc02aaa39b223fe8d0a0e5c4f27ead9083c756cc2,0xae78736cd615f374d3085123a210448e74fc6393,3500000000000000000,3.208910830054289,3.2087556653738956,-0.00015516468039322717,-0.00004835431353840458
1,0xae78736cd615f374d3085123a210448e74fc6393,0x3472a5a71965499acd81997a54bba8d852c6e53d,3208135284136158645,1769.375381662554,1804.841012744924,35.46563108237001,0.019650279903841217
1,0xc02aaa39b223fe8d0a0e5c4f27ead9083c756cc2,0x6810e776880c02933d47db1b9fc05908e5386b96,10931364263534167486,125.0909170485614,125.86850100062045,0.7775839520590608,0.006177748569955782
1,0x6810e776880c02933d47db1b9fc05908e5386b96,0xdef1ca1fb7fbcdc777520aa7f396b4e015f497ab,127259816455400677964,99414.34591967294,100403.33631232698,988.9903926540428,0.00985017459556889
1,0xc02aaa39b223fe8d0a0e5c4f27ead9083c756cc2,0xdef1ca1fb7fbcdc777520aa7f396b4e015f497ab,3452009767431842364,31216.605118415962,31344.19523188541,127.5901134694468,0.004070613793894878
1,0x6810e776880c02933d47db1b9fc05908e5386b96,0xc02aaa39b223fe8d0a0e5c4f27ead9083c756cc2,14302316882649046193,1.2311150154448633,1.2437205703377068,0.012605554892843429,0.010135359335112266
1,0x6810e776880c02933d47db1b9fc05908e5386b96,0xc02aaa39b223fe8d0a0e5c4f27ead9083c756cc2,14301916429344210123,1.231080577186274,1.2413747855196993,0.010294208333425203,0.008292586939499944
1,0x2260fac5e5542a773aa44fbcfedf7c193bc2c599,0x3472a5a71965499acd81997a54bba8d852c6e53d,4285190,391.46735639815455,400.81724902853443,9.349892630379884,0.023327071509625225
1,0x6810e776880c02933d47db1b9fc05908e5386b96,0xdef1ca1fb7fbcdc777520aa7f396b4e015f497ab,4269774569165855547,3361.7984294800267,3339.8346632021207,-21.96376627790596,-0.006533338252913374
1,0xae78736cd615f374d3085123a210448e74fc6393,0x3472a5a71965499acd81997a54bba8d852c6e53d,3211637217637488373,1771.3028021143482,1799.2769790683835,27.97417695403533,0.015547454493926551
1,0xc02aaa39b223fe8d0a0e5c4f27ead9083c756cc2,0xae78736cd615f374d3085123a210448e74fc6393,3500000000000000000,3.208910830054289,3.208728528540573,-0.00018230151371589898,-0.000056811025101876946
1,0xae78736cd615f374d3085123a210448e74fc6393,0x3472a5a71965499acd81997a54bba8d852c6e53d,3208111996456284568,1769.3625643853843,1789.8231329926884,20.46056860730414,0.011431614794861255
1,0x6810e776880c02933d47db1b9fc05908e5386b96,0xc02aaa39b223fe8d0a0e5c4f27ead9083c756cc2,14235633348777560791,1.2253803277120467,1.233331777662458,0.007951449950411194,0.006447129713532259
1,0xc0c293ce456ff0ed870add98a0828dd4d2903dbf,0xc02aaa39b223fe8d0a0e5c4f27ead9083c756cc2,1995132115648858441088,1.001096225209404,1.0027465722812923,0.0016503470718882696,0.001645826689921919
1,0xd084944d3c05cd115c09d072b9f44ba3e0e45921,0xc02aaa39b223fe8d0a0e5c4f27ead9083c756cc2,23257349233184469120,0.13534646726459248,0.13534646726459248,0,0
1,0x0f2d719407fdbeff09d87557abb7232601fd9f29,0xc02aaa39b223fe8d0a0e5c4f27ead9083c756cc2,5428851986333415935965,1.1761384893384907,1.1447765383945052,-0.03136195094398553,-0.026665185459260665
1,0xd9fcd98c322942075a5c3860693e9f4f03aae07b,0xc02aaa39b223fe8d0a0e5c4f27ead9083c756cc2,41774082512758930492,0.0563751864555493,0.0563751864555493,0,0
1,0xc02aaa39b223fe8d0a0e5c4f27ead9083c756cc2,0xae78736cd615f374d3085123a210448e74fc6393,3500000000000000000,3.208910830054289,3.2087013044882844,-0.0002095255660043982,-0.00006529491690513987
1,0xae78736cd615f374d3085123a210448e74fc6393,0x3472a5a71965499acd81997a54bba8d852c6e53d,3208088707828505327,1769.3497465861142,1782.3820146930138,13.032268106899664,0.007311714323567308
1,0xc02aaa39b223fe8d0a0e5c4f27ead9083c756cc2,0x81f8f0bb1cb2a06649e51913a151f0e7ef6fa321,1943871535137759488,1604.5489323657278,1603.6858611508105,-0.8630712149172268,-0.0005378902428639087
1,0xdef1ca1fb7fbcdc777520aa7f396b4e015f497ab,0xc02aaa39b223fe8d0a0e5c4f27ead9083c756cc2,10159153652188048873300,1.0962608484677365,1.111423321699294,0.015162473231557394,0.01364239253894273
1,0xc02aaa39b223fe8d0a0e5c4f27ead9083c756cc2,0xf17e65822b568b3903685a7c9f496cf7656cc6c2,359080146830349546,2532.594828714201,2717.1232011359734,184.52837242177247,0.06791314149635355
1,0xc02aaa39b223fe8d0a0e5c4f27ead9083c756cc2,0xf17e65822b568b3903685a7c9f496cf7656cc6c2,378440422785831026,2667.6818223292526,2801.13129347916,133.44947114990737,0.04764127674435272
1,0xf17e65822b568b3903685a7c9f496cf7656cc6c2,0xc02aaa39b223fe8d0a0e5c4f27ead9083c756cc2,2514038168065074957076,0.3471939930158507,0.33803279209121406,-0.009161200924636625,-0.02638640388060626
1,0xbe9895146f7af43049ca1c1ae358b0541ea49704,0x7f39c581f595b53c5cb19bd0b3f8da6c935e2ca0,104357289037320145938,96.03765734676692,0,-96.03765734676692,-1
1,0x7f39c581f595b53c5cb19bd0b3f8da6c935e2ca0,0xc02aaa39b223fe8d0a0e5c4f27ead9083c756cc2,96042797578064209826,110.08935070180763,110.09231484511545,0.002964143307821132,0.000026924161890784735
1,0x3472a5a71965499acd81997a54bba8d852c6e53d,0xae78736cd615f374d3085123a210448e74fc6393,2000000000000000000000,3.592406583408024,3.580933710347073,-0.011472873060951017,-0.0031936454837656475
1,0xae78736cd615f374d3085123a210448e74fc6393,0xc02aaa39b223fe8d0a0e5c4f27ead9083c756cc2,3657357967730427451,3.9867753096223137,3.9865720559520024,-0.0002032536703113763,-0.00005098197277905574
1,0x40d16fc0246ad3160ccc09b8d0d3a2cd28ae6c2f,0xdac17f958d2ee523a2206206994597c13d831ec7,10600000000000000000000,10168.050792,10167.11768,-0.9331120000006194,-0.00009176901444422087
1,0x3472a5a71965499acd81997a54bba8d852c6e53d,0x2260fac5e5542a773aa44fbcfedf7c193bc2c599,465129494780505597214,0.04989178,0.04937519,-0.0005165899999999973,-0.010354210653538466
1,0x3472a5a71965499acd81997a54bba8d852c6e53d,0xae78736cd615f374d3085123a210448e74fc6393,1400000000000000000000,2.5164463962343717,2.496772444612318,-0.019673951622053654,-0.007818148501590932
1,0xae78736cd615f374d3085123a210448e74fc6393,0xc02aaa39b223fe8d0a0e5c4f27ead9083c756cc2,2549950743032470726,2.7796276652308927,2.7794629754957283,-0.00016468973516436947,-0.000059248847327431295
1,0x470ebf5f030ed85fc1ed4c2d36b9dd02e77cf1b7,0x6b175474e89094c44da98b954eedeac495271d0f,9982905580256204810240,10762.927204193866,10741.930872323588,-20.996331870277572,-0.001950801252478617
1,0x6b175474e89094c44da98b954eedeac495271d0f,0x470ebf5f030ed85fc1ed4c2d36b9dd02e77cf1b7,11339943969591802996549,10308.507696199418,10431.20678616009,122.6990899606717,0.01176269366296777
1,0xaf5191b0de278c7286d6c7cc6ab6bb8a73ba2cd6,0xa0b86991c6218b36c1d19d4a2e9eb0ce3606eb48,16872544999999999000000,9847.556363,9674.652437,-172.90392599999905,-0.017558053960437033
1,0xc02aaa39b223fe8d0a0e5c4f27ead9083c756cc2,0xc0c293ce456ff0ed870add98a0828dd4d2903dbf,55050352662825841,108.97102100147956,108.95374402095769,-0.017276980521870655,-0.00015854656002200874
1,0x3472a5a71965499acd81997a54bba8d852c6e53d,0xae78736cd615f374d3085123a210448e74fc6393,1687566218324789798475,3.032316578251545,2.99887163437786,-0.03344494387368524,-0.011029502695582605
1,0x6810e776880c02933d47db1b9fc05908e5386b96,0xc02aaa39b223fe8d0a0e5c4f27ead9083c756cc2,17714000000000000000,1.5244486683544958,1.5289503815252214,0.004501713170725674,0.0029443160648777496
1,0xf629cbd94d3791c9250152bd8dfbdf380e2a3b9c,0x41e5560054824ea6b0732e656e3ad64e20e94e45,952788855515896610816,1828.71162291,1828.5746987,-0.13692420999996102,-0.00007487468679292128
1,0x6f80310ca7f2c654691d1383149fa1a57d8ab1f8,0xc02aaa39b223fe8d0a0e5c4f27ead9083c756cc2,10646500000000000000000,0.38236551500068233,0.39497693727583433,0.012611422275151996,0.03192951558674105
1,0x90b831fa3bebf58e9744a14d638e25b4ee06f9bc,0x68037790a0229e9ce6eaa8a99ea92964106c4703,15000000000000000000000,161.5395117561377,158.00646176091675,-3.5330499952209493,-0.02187111968342761
1,0xc0c293ce456ff0ed870add98a0828dd4d2903dbf,0xc02aaa39b223fe8d0a0e5c4f27ead9083c756cc2,1980826282480611459072,0.9939233762162396,0.994138784825714,0.0002154086094744434,0.00021667860942796576
1,0xc02aaa39b223fe8d0a0e5c4f27ead9083c756cc2,0xdef1ca1fb7fbcdc777520aa7f396b4e015f497ab,273916241927938006,2488.1774917502867,2472.7579044631602,-15.419587287126433,-0.006197141216111419
1,0xc0c293ce456ff0ed870add98a0828dd4d2903dbf,0xc02aaa39b223fe8d0a0e5c4f27ead9083c756cc2,102542000000000000000,0.05148930954977239,0.05142317847696188,-0.00006613107281051162,-0.001284365111685673
1,0x3472a5a71965499acd81997a54bba8d852c6e53d,0xae78736cd615f374d3085123a210448e74fc6393,2000000000000000000000,3.592406583408024,3.538953423660211,-0.05345315974781295,-0.014879484965508361
1,0xae78736cd615f374d3085123a210448e74fc6393,0xc02aaa39b223fe8d0a0e5c4f27ead9083c756cc2,3614026552090900340,3.9395412368830334,3.939285121745242,-0.00025611513779155715,-0.00006501141183489567
1,0xa0b86991c6218b36c1d19d4a2e9eb0ce3606eb48,0x7f39c581f595b53c5cb19bd0b3f8da6c935e2ca0,4726290850,1.970596919440726,2.0200368434772464,0.04943992403652042,0.024474763515409767
1,0x7f39c581f595b53c5cb19bd0b3f8da6c935e2ca0,0xc02aaa39b223fe8d0a0e5c4f27ead9083c756cc2,2008502420193378579,2.3022886521823,2.302279085329772,-0.000009566852527953529,-0.000004155366234761776
1,0x744d70fdbe2ba4cf95131626614a1763df805b9e,0x99ea4db9ee77acd40b119bd1dc4e33e1c070b80d,5828218297071401837218,49580.06975407086,49580.06975408146,1.0601070243865252e-8,2.138171708197842e-13
1,0x2260fac5e5542a773aa44fbcfedf7c193bc2c599,0x3472a5a71965499acd81997a54bba8d852c6e53d,5305884,483.7784792979853,496.5444735738245,12.765994275839205,0.02570966943596685
1,0xae78736cd615f374d3085123a210448e74fc6393,0x3472a5a71965499acd81997a54bba8d852c6e53d,5067717034507239424,2791.6446103178882,2846.866397041355,55.22178672346672,0.01939739314105387
1,0xc02aaa39b223fe8d0a0e5c4f27ead9083c756cc2,0xae78736cd615f374d3085123a210448e74fc6393,4000000000000000000,3.6673243575255436,3.6671730450976434,-0.0001513124279002298,-0.0000412596250423633
1,0xae78736cd615f374d3085123a210448e74fc6393,0x3472a5a71965499acd81997a54bba8d852c6e53d,3666440026522480284,2021.5467634810711,2048.0099571839887,26.46319370291758,0.01292141847752754
1,0xcfeaead4947f0705a14ec42ac3d44129e1ef3ed5,0xc02aaa39b223fe8d0a0e5c4f27ead9083c756cc2,7078311569189,4.506333739040086,4.417300220076508,-0.08903351896357758,-0.019757417918749846
1,0xcfeaead4947f0705a14ec42ac3d44129e1ef3ed5,0xc02aaa39b223fe8d0a0e5c4f27ead9083c756cc2,155601469461,0.10027706689564946,0.09774373734161296,-0.002533329554036498,-0.02526329930125237
1,0xae78736cd615f374d3085123a210448e74fc6393,0x3472a5a71965499acd81997a54bba8d852c6e53d,3721698574600126982,2051.941429388021,2068.940708334306,16.999278946284903,0.008216416680191354
1,0xa0b86991c6218b36c1d19d4a2e9eb0ce3606eb48,0xaf5191b0de278c7286d6c7cc6ab6bb8a73ba2cd6,10734190400,17965.397060885767,18345.250612853364,379.853551967597,0.020705825174252866
1,0xae78736cd615f374d3085123a210448e74fc6393,0x3472a5a71965499acd81997a54bba8d852c6e53d,3143408170256018093,1733.7488221284495,1739.7159143451088,5.967092216659239,0.0034299233383201337
1,0x2260fac5e5542a773aa44fbcfedf7c193bc2c599,0x3472a5a71965499acd81997a54bba8d852c6e53d,4658468,425.26257287987374,428.67186107610144,3.409288196227692,0.007953142031924616
1,0xae78736cd615f374d3085123a210448e74fc6393,0x3472a5a71965499acd81997a54bba8d852c6e53d,5167237871619898651,2846.2853679217883,2844.5144247866165,-1.7709431351718194,-0.0006221945118822964
1,0xc02aaa39b223fe8d0a0e5c4f27ead9083c756cc2,0xae78736cd615f374d3085123a210448e74fc6393,4628724335756138134,4.243755054827365,4.243538017732811,-0.00021703709455422882,-0.00005114270068611626
1,0xae78736cd615f374d3085123a210448e74fc6393,0x3472a5a71965499acd81997a54bba8d852c6e53d,4242697080759614644,2338.407616460436,2321.459265794043,-16.948350666393253,-0.007247817081628978
1,0xc0c293ce456ff0ed870add98a0828dd4d2903dbf,0xc02aaa39b223fe8d0a0e5c4f27ead9083c756cc2,1443465400730925072926,0.7244379742197802,0.7234515574993534,-0.0009864167204267638,-0.0013616303334859478
1,0xc02aaa39b223fe8d0a0e5c4f27ead9083c756cc2,0x6810e776880c02933d47db1b9fc05908e5386b96,1212666779600708352,13.977888265670225,13.96308150284698,-0.014806762823244668,-0.001059298982923634
1,0x30d20208d987713f46dfd34ef128bb16c404d10f,0xa35b1b31ce002fbf2058d22f30f95d405200a15b,1913477053365503393792,0.690795177077672,0.6890677624121565,-0.0017274146655155143,-0.0025006177269840525
1,0xc02aaa39b223fe8d0a0e5c4f27ead9083c756cc2,0xae78736cd615f374d3085123a210448e74fc6393,4000000000000000000,3.6673243575255436,3.667094667971179,-0.0002296895543647537,-0.00006263137153205949
1,0xae78736cd615f374d3085123a210448e74fc6393,0x3472a5a71965499acd81997a54bba8d852c6e53d,3666374410516036098,2021.5106704662342,1995.9568231967608,-25.55384726947341,-0.012640965809782126
1,0x2260fac5e5542a773aa44fbcfedf7c193bc2c599,0x3472a5a71965499acd81997a54bba8d852c6e53d,4489911,410.0072076731735,406.90085985544823,-3.1063478177252932,-0.007576324902564729
1,0x30d20208d987713f46dfd34ef128bb16c404d10f,0xa35b1b31ce002fbf2058d22f30f95d405200a15b,2442698699133211824886,0.8795395363765681,0.8624844848719869,-0.017055051504581198,-0.01939088670742734
1,0xa35b1b31ce002fbf2058d22f30f95d405200a15b,0xc02aaa39b223fe8d0a0e5c4f27ead9083c756cc2,899415756267670324,0.9100220776678573,0.9100220776678573,0,0
1,0xc02aaa39b223fe8d0a0e5c4f27ead9083c756cc2,0x7f39c581f595b53c5cb19bd0b3f8da6c935e2ca0,220320000000000000000,192.16179116639586,192.1619964828889,0.00020531649303734412,0.0000010684552450287775
1,0xc02aaa39b223fe8d0a0e5c4f27ead9083c756cc2,0x7f39c581f595b53c5cb19bd0b3f8da6c935e2ca0,348840000000000000000,304.257421436219,304.2377475048537,-0.01967393136527562,-0.00006466212482971377
1,0x7f39c581f595b53c5cb19bd0b3f8da6c935e2ca0,0xc02aaa39b223fe8d0a0e5c4f27ead9083c756cc2,34502286636078973493,39.54876916427938,39.553638780683436,0.004869616404057808,0.0001231142457223418
1,0x3472a5a71965499acd81997a54bba8d852c6e53d,0xae78736cd615f374d3085123a210448e74fc6393,2000000000000000000000,3.592406583408024,3.6554808636280964,0.06307428022007233,0.017254714926197304
1,0xae78736cd615f374d3085123a210448e74fc6393,0xc02aaa39b223fe8d0a0e5c4f27ead9083c756cc2,3731426489728594787,4.067514824818218,4.0672268855884495,-0.0002879392297687744,-0.00007078996443034298
1,0x5a98fcbea516cf06857215779fd812ca3bef1b32,0xc02aaa39b223fe8d0a0e5c4f27ead9083c756cc2,1069094809149168923230,1.226647806333088,1.219244941636816,-0.007402864696271827,-0.006035036836206291
1,0x5a98fcbea516cf06857215779fd812ca3bef1b32,0xc02aaa39b223fe8d0a0e5c4f27ead9083c756cc2,210410875912736216272,0.24748351155430898,0.24001852293998302,-0.007464988614325957,-0.03016357965604429
1,0xc02aaa39b223fe8d0a0e5c4f27ead9083c756cc2,0x5a98fcbea516cf06857215779fd812ca3bef1b32,1129051828771343800,923.0261006460296,987.8306926904759,64.80459204444628,0.06560293431250164
1,0xc02aaa39b223fe8d0a0e5c4f27ead9083c756cc2,0xc0c293ce456ff0ed870add98a0828dd4d2903dbf,2199829389612761088,4347.398771918619,4358.083489422099,10.684717503479987,0.0024517009665863073
1,0x7f39c581f595b53c5cb19bd0b3f8da6c935e2ca0,0xc02aaa39b223fe8d0a0e5c4f27ead9083c756cc2,113368561122985877669,129.94865979238807,129.9645302077435,0.015870415355436762,0.00012211343610497795
1,0x7f39c581f595b53c5cb19bd0b3f8da6c935e2ca0,0xc02aaa39b223fe8d0a0e5c4f27ead9083c756cc2,174413170958439811800,199.91876258759552,199.93906744441847,0.02030485682294625,0.00010155522421145054
1,0x7f39c581f595b53c5cb19bd0b3f8da6c935e2ca0,0xc02aaa39b223fe8d0a0e5c4f27ead9083c756cc2,87206585479219905899,99.9609707244627,99.96621349258555,0.005242768122855068,0.00005244540069774596
1,0xa0b86991c6218b36c1d19d4a2e9eb0ce3606eb48,0x35e78b3982e87ecfd5b3f3265b601c046cdbe232,78649711,1018.5549171963709,1015.2855894293124,-3.269327767058485,-0.003209770736817502
1,0x7f39c581f595b53c5cb19bd0b3f8da6c935e2ca0,0xc02aaa39b223fe8d0a0e5c4f27ead9083c756cc2,82331737350931513160,94.37323278121936,94.37577582767828,0.0025430464589248913,0.00002694596612978596
1,0xc02aaa39b223fe8d0a0e5c4f27ead9083c756cc2,0xc18360217d8f7ab5e7c516566761ea12ce7f9d72,615876862625630720,132.58707392282102,134.14852098156442,1.561447058743397,0.01163968896055128
1,0xa0b86991c6218b36c1d19d4a2e9eb0ce3606eb48,0xc02aaa39b223fe8d0a0e5c4f27ead9083c756cc2,162652085,0.07911293975829453,0.08079140419947757,0.001678464441183039,0.02077528491816822
1,0xc02aaa39b223fe8d0a0e5c4f27ead9083c756cc2,0x514910771af9ca656af840dff83e8264ecf986ca,539029162831014976,73.90415371229376,75.17620150061913,1.2720477883253665,0.01692088404220437
1,0xc02aaa39b223fe8d0a0e5c4f27ead9083c756cc2,0x6810e776880c02933d47db1b9fc05908e5386b96,4770168312938759405,54.837483304478745,54.68008001742192,-0.15740328705682316,-0.0028703594251920667
1,0x6810e776880c02933d47db1b9fc05908e5386b96,0xdef1ca1fb7fbcdc777520aa7f396b4e015f497ab,55209604984331220942,43324.91806158796,43073.7181318006,-251.19992978736263,-0.00579804742920166
1,0xc02aaa39b223fe8d0a0e5c4f27ead9083c756cc2,0xdef1ca1fb7fbcdc777520aa7f396b4e015f497ab,1948378606693296095,17652.28664671477,17328.147407838453,-324.1392388763161,-0.018362450449819826
1,0xc02aaa39b223fe8d0a0e5c4f27ead9083c756cc2,0x137ddb47ee24eaa998a535ab00378d6bfa84f893,2487040502953487524,18358.69897251484,18344.024812990105,-14.674159524736751,-0.0007993028017238976
